cust_id,recency,frequency,monetary,avg_discount,avg_items
CUST1001,4,2,258560.0,12000.0,1.5
CUST1002,4,2,59000.0,0.0,1.0
CUST1003,4,2,283200.0,30000.0,1.0
CUST1004,4,2,77792.0,6000.0,2.0
CUST1005,3,2,156800.0,0.0,1.0
CUST1006,3,2,13603.2,300.0,1.5
CUST1007,2,1,17700.0,0.0,1.0
CUST1008,2,3,331980.0,32500.0,1.0
CUST1009,1,2,424800.0,20000.0,1.0
CUST1010,1,2,283200.0,0.0,1.0
CUST1011,0,2,163864.0,17000.0,1.0
CUST1012,0,1,6720.0,6000.0,1.0
CUST1013,0,2,166831.2,29970.0,1.0
