ord_id,cust_id,order_date,status_x,currency_x,subtotal,discount_amt,tax_amt,total_amt,coupon_code,first_name,last_name,email,phone,signup_date,order_item_id,prod_id,quantity,unit_price,line_total,name,price,currency_y,stock_qty,vat_rate,pay_id,method,payment_date,amount_paid,currency,status_y,ship_id,ship_address,ship_date,delivery_date,status,tracking_no,discount_pct,valid_from,valid_to,min_order_value,final_price_per_item,order_total_calc,order_year,order_month,order_day_of_week,is_weekend,recency,frequency,monetary,avg_discount,avg_items,category_E-Reader,category_Headphones,category_Laptop,category_Mobile,category_Tablet,category_Wearable,brand_Apple,brand_Dell,brand_Fitbit,brand_Google,brand_JBL,brand_Logitech,brand_Microsoft,brand_Samsung,brand_Sony,"location_Bangalore, Karnataka","location_Bhubaneswar, Odisha","location_Chennai, Tamil Nadu","location_Delhi, Delhi","location_Hyderabad, Telangana","location_Jaipur, Rajasthan","location_Kochi, Kerala","location_Kolkata, West Bengal","location_Lucknow, Uttar Pradesh","location_Mumbai, Maharashtra","location_Patna, Bihar","location_Pune, Maharashtra"
ORD1001,CUST1001,2025-09-12 10:12:00,Shipped,INR,120000.0,12000.0,17280.0,129280.0,NEWUSER10,Subham,Padhi,subham@example.com,9876543210,2025-09-01,OI1001,PROD1001,1,120000.0,120000.0,iPhone 15,120000.0,INR,50,18.0,PAY1001,Credit Card,2025-09-12 10:30:00,129280.0,INR,Paid,SHIP1001,"Bhubaneswar, Odisha",2025-09-13,2025-09-16,In Transit,TRACK12345,10.0,2025-09-01,2025-12-31,5000.0,120000.0,160000.0,2025,9,Friday,0,4,2,258560.0,12000.0,1.5,False,False,False,True,False,False,True,False,False,False,False,False,False,False,False,False,True,False,False,False,False,False,False,False,False,False,False
ORD1001,CUST1001,2025-09-12 10:12:00,Shipped,INR,120000.0,12000.0,17280.0,129280.0,NEWUSER10,Subham,Padhi,subham@example.com,9876543210,2025-09-01,OI1002,PROD1003,2,20000.0,40000.0,AirPods Pro,20000.0,INR,100,18.0,PAY1001,Credit Card,2025-09-12 10:30:00,129280.0,INR,Paid,SHIP1001,"Bhubaneswar, Odisha",2025-09-13,2025-09-16,In Transit,TRACK12345,10.0,2025-09-01,2025-12-31,5000.0,20000.0,160000.0,2025,9,Friday,0,4,2,258560.0,12000.0,1.5,False,False,False,False,False,False,True,False,False,False,False,False,False,False,False,False,True,False,False,False,False,False,False,False,False,False,False
ORD1002,CUST1002,2025-09-12 13:30:00,Pending,INR,25000.0,0.0,4500.0,29500.0,No Coupon,Rahul,Sharma,rahul@example.com,9123456789,2025-09-05,OI1003,PROD1003,1,20000.0,20000.0,AirPods Pro,20000.0,INR,100,18.0,PAY1002,UPI,2025-09-12 14:00:00,29500.0,INR,Pending,SHIP1002,"Delhi, Delhi",2025-09-13,2025-09-15,Pending,TRACK54321,0.0,,,,20000.0,24500.0,2025,9,Friday,0,4,2,59000.0,0.0,1.0,False,False,False,False,False,False,True,False,False,False,False,False,False,False,False,False,False,False,True,False,False,False,False,False,False,False,False
ORD1002,CUST1002,2025-09-12 13:30:00,Pending,INR,25000.0,0.0,4500.0,29500.0,No Coupon,Rahul,Sharma,rahul@example.com,9123456789,2025-09-05,OI1004,PROD1007,1,4500.0,4500.0,Gaming Mouse,4500.0,INR,200,18.0,PAY1002,UPI,2025-09-12 14:00:00,29500.0,INR,Pending,SHIP1002,"Delhi, Delhi",2025-09-13,2025-09-15,Pending,TRACK54321,0.0,,,,4500.0,24500.0,2025,9,Friday,0,4,2,59000.0,0.0,1.0,False,False,False,False,False,False,False,False,False,False,False,True,False,False,False,False,False,False,True,False,False,False,False,False,False,False,False
ORD1003,CUST1003,2025-09-12 15:00:00,Delivered,INR,150000.0,30000.0,21600.0,141600.0,FESTIVE20,Anita,Verma,anita@example.com,9988776655,2025-09-10,OI1005,PROD1010,1,200000.0,200000.0,MacBook Pro,200000.0,INR,15,12.0,PAY1003,Debit Card,2025-09-12 16:00:00,141600.0,INR,Paid,SHIP1003,"Mumbai, Maharashtra",2025-09-13,2025-09-15,Delivered,TRACK67890,20.0,2025-09-10,2025-10-30,10000.0,200000.0,290000.0,2025,9,Friday,0,4,2,283200.0,30000.0,1.0,False,False,True,False,False,False,True,False,False,False,False,False,False,False,False,False,False,False,False,False,False,False,False,False,True,False,False
ORD1003,CUST1003,2025-09-12 15:00:00,Delivered,INR,150000.0,30000.0,21600.0,141600.0,FESTIVE20,Anita,Verma,anita@example.com,9988776655,2025-09-10,OI1006,PROD1004,1,90000.0,90000.0,Samsung Galaxy S23,90000.0,INR,40,18.0,PAY1003,Debit Card,2025-09-12 16:00:00,141600.0,INR,Paid,SHIP1003,"Mumbai, Maharashtra",2025-09-13,2025-09-15,Delivered,TRACK67890,20.0,2025-09-10,2025-10-30,10000.0,90000.0,290000.0,2025,9,Friday,0,4,2,283200.0,30000.0,1.0,False,False,False,True,False,False,False,False,False,False,False,False,False,True,False,False,False,False,False,False,False,False,False,False,True,False,False
ORD1004,CUST1004,2025-09-12 17:20:00,Pending,INR,40000.0,6000.0,4896.0,38896.0,SAVE15,Priya,Nair,priya@example.com,9812345678,2025-09-01,OI1007,PROD1005,1,35000.0,35000.0,Sony WH-1000XM5,35000.0,INR,60,18.0,PAY1004,UPI,2025-09-12 18:10:00,38896.0,INR,Pending,SHIP1004,"Kochi, Kerala",2025-09-13,2025-09-18,Pending,TRACK23456,15.0,2025-09-01,2025-10-15,8000.0,35000.0,48500.0,2025,9,Friday,0,4,2,77792.0,6000.0,2.0,False,True,False,False,False,False,False,False,False,False,False,False,False,False,True,False,False,False,False,False,False,True,False,False,False,False,False
ORD1004,CUST1004,2025-09-12 17:20:00,Pending,INR,40000.0,6000.0,4896.0,38896.0,SAVE15,Priya,Nair,priya@example.com,9812345678,2025-09-01,OI1021,PROD1007,3,4500.0,13500.0,Gaming Mouse,4500.0,INR,200,18.0,PAY1004,UPI,2025-09-12 18:10:00,38896.0,INR,Pending,SHIP1004,"Kochi, Kerala",2025-09-13,2025-09-18,Pending,TRACK23456,15.0,2025-09-01,2025-10-15,8000.0,4500.0,48500.0,2025,9,Friday,0,4,2,77792.0,6000.0,2.0,False,False,False,False,False,False,False,False,False,False,False,True,False,False,False,False,False,False,False,False,False,True,False,False,False,False,False
ORD1005,CUST1005,2025-09-13 09:00:00,Shipped,INR,70000.0,0.0,8400.0,78400.0,No Coupon,Amit,Kumar,amit@example.com,9811122233,2025-09-02,OI1008,PROD1006,1,60000.0,60000.0,iPad Air,60000.0,INR,25,12.0,PAY1005,Credit Card,2025-09-13 10:15:00,78400.0,INR,Paid,SHIP1005,"Patna, Bihar",2025-09-13,2025-09-16,In Transit,TRACK34567,0.0,,,,60000.0,80000.0,2025,9,Saturday,1,3,2,156800.0,0.0,1.0,False,False,False,False,True,False,True,False,False,False,False,False,False,False,False,False,False,False,False,False,False,False,False,False,False,True,False
ORD1005,CUST1005,2025-09-13 09:00:00,Shipped,INR,70000.0,0.0,8400.0,78400.0,No Coupon,Amit,Kumar,amit@example.com,9811122233,2025-09-02,OI1020,PROD1003,1,20000.0,20000.0,AirPods Pro,20000.0,INR,100,18.0,PAY1005,Credit Card,2025-09-13 10:15:00,78400.0,INR,Paid,SHIP1005,"Patna, Bihar",2025-09-13,2025-09-16,In Transit,TRACK34567,0.0,,,,20000.0,80000.0,2025,9,Saturday,1,3,2,156800.0,0.0,1.0,False,False,False,False,False,False,True,False,False,False,False,False,False,False,False,False,False,False,False,False,False,False,False,False,False,True,False
ORD1006,CUST1006,2025-09-13 11:10:00,Pending,INR,6000.0,300.0,1101.6,6801.6,WELCOME5,Rohit,Mehta,rohit@example.com,9822233344,2025-09-03,OI1009,PROD1007,2,4500.0,9000.0,Gaming Mouse,4500.0,INR,200,18.0,PAY1006,Wallet,2025-09-13 11:30:00,6801.6,INR,Pending,SHIP1006,"Jaipur, Rajasthan",2025-09-13,2025-09-15,Pending,TRACK45678,5.0,2025-09-01,2025-12-31,2000.0,4500.0,21000.0,2025,9,Saturday,1,3,2,13603.2,300.0,1.5,False,False,False,False,False,False,False,False,False,False,False,True,False,False,False,False,False,False,False,False,True,False,False,False,False,False,False
ORD1006,CUST1006,2025-09-13 11:10:00,Pending,INR,6000.0,300.0,1101.6,6801.6,WELCOME5,Rohit,Mehta,rohit@example.com,9822233344,2025-09-03,OI1022,PROD1013,1,12000.0,12000.0,Bluetooth Speaker,12000.0,INR,75,18.0,PAY1006,Wallet,2025-09-13 11:30:00,6801.6,INR,Pending,SHIP1006,"Jaipur, Rajasthan",2025-09-13,2025-09-15,Pending,TRACK45678,5.0,2025-09-01,2025-12-31,2000.0,12000.0,21000.0,2025,9,Saturday,1,3,2,13603.2,300.0,1.5,False,False,False,False,False,False,False,False,False,False,True,False,False,False,False,False,False,False,False,False,True,False,False,False,False,False,False
ORD1007,CUST1007,2025-09-14 12:00:00,Delivered,INR,15000.0,0.0,2700.0,17700.0,No Coupon,Sneha,Rao,sneha@example.com,9833344455,2025-09-04,OI1010,PROD1008,1,15000.0,15000.0,Smart Watch,15000.0,INR,150,12.0,PAY1007,COD,2025-09-14 12:15:00,17700.0,INR,Paid,SHIP1007,"Hyderabad, Telangana",2025-09-14,2025-09-17,Delivered,TRACK56789,0.0,,,,15000.0,15000.0,2025,9,Sunday,1,2,1,17700.0,0.0,1.0,False,False,False,False,False,True,False,False,True,False,False,False,False,False,False,False,False,False,False,True,False,False,False,False,False,False,False
ORD1008,CUST1008,2025-09-14 13:40:00,Shipped,INR,130000.0,32500.0,14160.0,110660.0,BIGSALE25,Vikas,Singh,vikas@example.com,9844455566,2025-09-05,OI1011,PROD1012,1,85000.0,85000.0,Google Pixel 8,85000.0,INR,30,18.0,PAY1008,NetBanking,2025-09-14 14:00:00,110660.0,INR,Paid,SHIP1008,"Chennai, Tamil Nadu",2025-09-14,2025-09-18,In Transit,TRACK98765,25.0,2025-09-20,2025-10-05,15000.0,85000.0,247000.0,2025,9,Sunday,1,2,3,331980.0,32500.0,1.0,False,False,False,True,False,False,False,False,False,True,False,False,False,False,False,False,False,True,False,False,False,False,False,False,False,False,False
ORD1008,CUST1008,2025-09-14 13:40:00,Shipped,INR,130000.0,32500.0,14160.0,110660.0,BIGSALE25,Vikas,Singh,vikas@example.com,9844455566,2025-09-05,OI1012,PROD1013,1,12000.0,12000.0,Bluetooth Speaker,12000.0,INR,75,18.0,PAY1008,NetBanking,2025-09-14 14:00:00,110660.0,INR,Paid,SHIP1008,"Chennai, Tamil Nadu",2025-09-14,2025-09-18,In Transit,TRACK98765,25.0,2025-09-20,2025-10-05,15000.0,12000.0,247000.0,2025,9,Sunday,1,2,3,331980.0,32500.0,1.0,False,False,False,False,False,False,False,False,False,False,True,False,False,False,False,False,False,True,False,False,False,False,False,False,False,False,False
ORD1008,CUST1008,2025-09-14 13:40:00,Shipped,INR,130000.0,32500.0,14160.0,110660.0,BIGSALE25,Vikas,Singh,vikas@example.com,9844455566,2025-09-05,OI1025,PROD1002,1,150000.0,150000.0,Laptop XPS 13,150000.0,INR,30,12.0,PAY1008,NetBanking,2025-09-14 14:00:00,110660.0,INR,Paid,SHIP1008,"Chennai, Tamil Nadu",2025-09-14,2025-09-18,In Transit,TRACK98765,25.0,2025-09-20,2025-10-05,15000.0,150000.0,247000.0,2025,9,Sunday,1,2,3,331980.0,32500.0,1.0,False,False,True,False,False,False,False,True,False,False,False,False,False,False,False,False,False,True,False,False,False,False,False,False,False,False,False
ORD1009,CUST1009,2025-09-15 10:20:00,Pending,INR,200000.0,20000.0,32400.0,212400.0,LOYAL10,Neha,Kapoor,neha@example.com,9855566677,2025-09-06,OI1013,PROD1010,1,200000.0,200000.0,MacBook Pro,200000.0,INR,15,12.0,PAY1009,Credit Card,2025-09-15 10:40:00,212400.0,INR,Pending,SHIP1009,"Pune, Maharashtra",2025-09-15,2025-09-19,Pending,TRACK87654,10.0,2025-09-01,2025-12-31,1000.0,200000.0,320000.0,2025,9,Monday,0,1,2,424800.0,20000.0,1.0,False,False,True,False,False,False,True,False,False,False,False,False,False,False,False,False,False,False,False,False,False,False,False,False,False,False,True
ORD1009,CUST1009,2025-09-15 10:20:00,Pending,INR,200000.0,20000.0,32400.0,212400.0,LOYAL10,Neha,Kapoor,neha@example.com,9855566677,2025-09-06,OI1023,PROD1001,1,120000.0,120000.0,iPhone 15,120000.0,INR,50,18.0,PAY1009,Credit Card,2025-09-15 10:40:00,212400.0,INR,Pending,SHIP1009,"Pune, Maharashtra",2025-09-15,2025-09-19,Pending,TRACK87654,10.0,2025-09-01,2025-12-31,1000.0,120000.0,320000.0,2025,9,Monday,0,1,2,424800.0,20000.0,1.0,False,False,False,True,False,False,True,False,False,False,False,False,False,False,False,False,False,False,False,False,False,False,False,False,False,False,True
ORD1010,CUST1010,2025-09-15 14:50:00,Pending,INR,120000.0,0.0,21600.0,141600.0,No Coupon,Raj,Malhotra,raj@example.com,9866677788,2025-09-07,OI1014,PROD1002,1,150000.0,150000.0,Laptop XPS 13,150000.0,INR,30,12.0,PAY1010,UPI,2025-09-15 15:10:00,141600.0,INR,Pending,SHIP1010,"Ahmedabad, Gujarat",2025-09-15,2025-09-20,Pending,TRACK76543,0.0,,,,150000.0,270000.0,2025,9,Monday,0,1,2,283200.0,0.0,1.0,False,False,True,False,False,False,False,True,False,False,False,False,False,False,False,False,False,False,False,False,False,False,False,False,False,False,False
ORD1010,CUST1010,2025-09-15 14:50:00,Pending,INR,120000.0,0.0,21600.0,141600.0,No Coupon,Raj,Malhotra,raj@example.com,9866677788,2025-09-07,OI1024,PROD1011,1,120000.0,120000.0,Surface Pro,120000.0,INR,20,12.0,PAY1010,UPI,2025-09-15 15:10:00,141600.0,INR,Pending,SHIP1010,"Ahmedabad, Gujarat",2025-09-15,2025-09-20,Pending,TRACK76543,0.0,,,,120000.0,270000.0,2025,9,Monday,0,1,2,283200.0,0.0,1.0,False,False,False,False,True,False,False,False,False,False,False,False,True,False,False,False,False,False,False,False,False,False,False,False,False,False,False
ORD1011,CUST1011,2025-09-16 11:15:00,Delivered,INR,85000.0,17000.0,13932.0,81932.0,WEEKEND20,Manish,Agarwal,manish@example.com,9877788899,2025-09-08,OI1015,PROD1004,1,90000.0,90000.0,Samsung Galaxy S23,90000.0,INR,40,18.0,PAY1011,Debit Card,2025-09-16 12:00:00,81932.0,INR,Paid,SHIP1011,"Lucknow, Uttar Pradesh",2025-09-16,2025-09-19,Delivered,TRACK65432,20.0,2025-09-15,2025-11-15,5000.0,90000.0,110000.0,2025,9,Tuesday,0,0,2,163864.0,17000.0,1.0,False,False,False,True,False,False,False,False,False,False,False,False,False,True,False,False,False,False,False,False,False,False,False,True,False,False,False
ORD1011,CUST1011,2025-09-16 11:15:00,Delivered,INR,85000.0,17000.0,13932.0,81932.0,WEEKEND20,Manish,Agarwal,manish@example.com,9877788899,2025-09-08,OI1016,PROD1003,1,20000.0,20000.0,AirPods Pro,20000.0,INR,100,18.0,PAY1011,Debit Card,2025-09-16 12:00:00,81932.0,INR,Paid,SHIP1011,"Lucknow, Uttar Pradesh",2025-09-16,2025-09-19,Delivered,TRACK65432,20.0,2025-09-15,2025-11-15,5000.0,20000.0,110000.0,2025,9,Tuesday,0,0,2,163864.0,17000.0,1.0,False,False,False,False,False,False,True,False,False,False,False,False,False,False,False,False,False,False,False,False,False,False,False,True,False,False,False
ORD1012,CUST1012,2025-09-16 18:00:00,Shipped,INR,12000.0,6000.0,360.0,6720.0,STUDENT50,Ritu,Chopra,ritu@example.com,9888899900,2025-09-09,OI1017,PROD1009,1,12000.0,12000.0,Kindle Paperwhite,12000.0,INR,90,12.0,PAY1012,Wallet,2025-09-16 18:10:00,6720.0,INR,Paid,SHIP1012,"Bangalore, Karnataka",2025-09-16,2025-09-18,In Transit,TRACK54322,50.0,2025-09-01,2025-12-31,500.0,12000.0,12000.0,2025,9,Tuesday,0,0,1,6720.0,6000.0,1.0,True,False,False,False,False,False,False,False,False,False,False,False,False,False,False,True,False,False,False,False,False,False,False,False,False,False,False
ORD1013,CUST1013,2025-09-17 08:30:00,Pending,INR,99900.0,29970.0,13485.6,83415.6,DIWALI30,Deepak,Sinha,deepak@example.com,9899900011,2025-09-10,OI1018,PROD1002,1,150000.0,150000.0,Laptop XPS 13,150000.0,INR,30,12.0,PAY1013,Credit Card,2025-09-17 09:00:00,83415.6,INR,Pending,SHIP1013,"Kolkata, West Bengal",2025-09-17,2025-09-21,Pending,TRACK43210,30.0,2025-10-10,2025-11-15,20000.0,150000.0,185000.0,2025,9,Wednesday,0,0,2,166831.2,29970.0,1.0,False,False,True,False,False,False,False,True,False,False,False,False,False,False,False,False,False,False,False,False,False,False,True,False,False,False,False
ORD1013,CUST1013,2025-09-17 08:30:00,Pending,INR,99900.0,29970.0,13485.6,83415.6,DIWALI30,Deepak,Sinha,deepak@example.com,9899900011,2025-09-10,OI1019,PROD1005,1,35000.0,35000.0,Sony WH-1000XM5,35000.0,INR,60,18.0,PAY1013,Credit Card,2025-09-17 09:00:00,83415.6,INR,Pending,SHIP1013,"Kolkata, West Bengal",2025-09-17,2025-09-21,Pending,TRACK43210,30.0,2025-10-10,2025-11-15,20000.0,35000.0,185000.0,2025,9,Wednesday,0,0,2,166831.2,29970.0,1.0,False,True,False,False,False,False,False,False,False,False,False,False,False,False,True,False,False,False,False,False,False,False,True,False,False,False,False
